{
    "ambience" : {"sounds": ["itd:ambience"]},
    "startup" : {"sounds": ["itd:startup"]},
    "open_and_slide" : {"sounds": ["itd:open_and_slide"]},
    "slide_and_close" : {"sounds": ["itd:slide_and_close"]},
    "alert_beep" : {"sounds": ["itd:alert_beep"]},

    "voice/sector" : {"sounds": ["itd:voice/sector"]},
    "voice/one" : {"sounds": ["itd:voice/one"]},
    "voice/two" : {"sounds": ["itd:voice/two"]},
    "voice/three" : {"sounds": ["itd:voice/three"]},
    "voice/four" : {"sounds": ["itd:voice/four"]},
    "voice/five" : {"sounds": ["itd:voice/five"]},
    "voice/six" : {"sounds": ["itd:voice/six"]},
    "voice/seven" : {"sounds": ["itd:voice/seven"]},
    "voice/eight" : {"sounds": ["itd:voice/eight"]},
    "voice/nine" : {"sounds": ["itd:voice/nine"]},
    "voice/ten" : {"sounds": ["itd:voice/ten"]},
    "voice/eleven" : {"sounds": ["itd:voice/eleven"]},
    "voice/twelve" : {"sounds": ["itd:voice/twelve"]},
    "voice/thirr" : {"sounds": ["itd:voice/thirr"]},
    "voice/fiff" : {"sounds": ["itd:voice/fiff"]},
    "voice/eigh" : {"sounds": ["itd:voice/eigh"]},
    "voice/teen" : {"sounds": ["itd:voice/teen"]},
    "voice/twen" : {"sounds": ["itd:voice/twen"]},
    "voice/tee" : {"sounds": ["itd:voice/tee"]},
    "voice/hundred" : {"sounds": ["itd:voice/hundred"]},
    "voice/thousand" : {"sounds": ["itd:voice/thousand"]},
    "voice/million" : {"sounds": ["itd:voice/million"]},
    "voice/billion" : {"sounds": ["itd:voice/billion"]},
    "voice/trillion" : {"sounds": ["itd:voice/trillion"]},
    "voice/quadrillion" : {"sounds": ["itd:voice/quadrillion"]},

    "voice/paradox" : {"sounds": ["itd:voice/paradox"]},
    "voice/variant" : {"sounds": ["itd:voice/variant"]},
    "voice/aberration" : {"sounds": ["itd:voice/aberration"]},
    "voice/deviant" : {"sounds": ["itd:voice/deviant"]},
    "voice/phenomenon" : {"sounds": ["itd:voice/phenomenon"]},
    "voice/mutation" : {"sounds": ["itd:voice/mutation"]},
    "voice/incident" : {"sounds": ["itd:voice/incident"]},

    "voice/departing": {"sounds": ["itd:voice/departing"]},
    "voice/departed": {"sounds": ["itd:voice/departed"]},
    "voice/failed": {"sounds": ["itd:voice/failed"]},
    "voice/in": {"sounds": ["itd:voice/in"]},
    "voice/mission": {"sounds": ["itd:voice/mission"]},

    "voice/anomaly": {"sounds": ["itd:voice/anomaly"]},
    "voice/detected": {"sounds": ["itd:voice/detected"]},
    "voice/clear": {"sounds": ["itd:voice/clear"]},
    "voice/annihilated": {"sounds": ["itd:voice/annihilated"]},
    "voice/destroy": {"sounds": ["itd:voice/destroy"]},
    "voice/neutralised": {"sounds": ["itd:voice/neutralised"]}

}
