{
    "providers": [
        {
            "type": "bitmap",
            "file": "itd:font/i.png",
            "ascent": 5,
            "height": 5,
            "chars": ["ɪ"]
        },
        {
            "type": "bitmap",
            "file": "itd:font/underscore.png",
            "ascent": 5,
            "height": 5,
            "chars": ["_"]
        },
        {
            "type": "space",
            "advances": {
                " ": 6,
                "\ud7ff": 7
            }
        },
        {
            "type": "reference",
            "id": "minecraft:default"
        }
    ]
}
