{
	"texture_size": [64, 64],
	"textures": {
		"1": "itd:item/device/locker"
	},
	"elements": [
		{
			"from": [0, 0, 0],
			"to": [16, 32, 16],
			"faces": {
				"north": {"uv": [0, 0, 4, 8], "texture": "#1", "cullface": "north"},
				"east": {"uv": [4, 0, 8, 8], "texture": "#1", "cullface": "east"},
				"south": {"uv": [0, 8, 4, 16], "texture": "#1", "cullface": "south"},
				"west": {"uv": [8, 0, 12, 8], "texture": "#1", "cullface": "west"},
				"up": {"uv": [16, 4, 12, 0], "texture": "#1", "cullface": "up"},
				"down": {"uv": [16, 4, 12, 8], "texture": "#1", "cullface": "down"}
			}
		},
		{
			"from": [16, 0, -16],
			"to": [18, 32, 0],
			"rotation": {"angle": -45, "axis": "y", "origin": [16, 16, 0]},
			"faces": {
				"north": {"uv": [12, 8, 12.5, 16], "texture": "#1", "cullface": "north"},
				"east": {"uv": [4, 8, 8, 16], "texture": "#1", "cullface": "north"},
				"south": {"uv": [12.5, 8, 13, 16], "texture": "#1", "cullface": "north"},
				"west": {"uv": [8, 8, 12, 16], "texture": "#1", "cullface": "north"},
				"up": {"uv": [13.5, 12, 13, 8], "texture": "#1", "cullface": "north"},
				"down": {"uv": [13.5, 12, 13, 16], "texture": "#1", "cullface": "north"}
			}
		},
		{
			"from": [15.5, 0, -0.5],
			"to": [16.5, 32, 0.5],
			"faces": {
				"north": {"uv": [0, 0, 0.25, 8], "texture": "#1", "cullface": "north"},
				"east": {"uv": [0, 0, 0.25, 8], "texture": "#1", "cullface": "north"},
				"south": {"uv": [0, 0, 0.25, 8], "texture": "#1", "cullface": "north"},
				"west": {"uv": [0, 0, 0.25, 8], "texture": "#1", "cullface": "north"},
				"up": {"uv": [0, 0, 0.25, 0.25], "texture": "#1", "cullface": "north"},
				"down": {"uv": [0, 0, 0.25, 0.25], "texture": "#1", "cullface": "north"}
			}
		}
	]
}