{"stats":{"minecraft:used":{"minecraft:yellow_wool":34,"minecraft:yellow_concrete_powder":57,"minecraft:light_blue_concrete_powder":54,"minecraft:lime_concrete":668,"minecraft:light_blue_concrete":707,"minecraft:light_gray_concrete":20,"minecraft:red_stained_glass":5,"minecraft:yellow_stained_glass":7,"minecraft:red_wool":26,"minecraft:red_concrete_powder":60,"minecraft:lime_stained_glass":32,"minecraft:red_concrete":677,"minecraft:light_blue_wool":27,"minecraft:barrier":7,"minecraft:lime_wool":100,"minecraft:yellow_concrete":725,"minecraft:lime_concrete_powder":63,"minecraft:magenta_concrete":10,"minecraft:leather_chestplate":9,"minecraft:white_concrete":14,"minecraft:magenta_concrete_powder":11,"minecraft:light_blue_stained_glass":6},"minecraft:custom":{"minecraft:time_since_rest":114109,"minecraft:crouch_one_cm":6102,"minecraft:sprint_one_cm":115954,"minecraft:play_time":114109,"minecraft:walk_one_cm":58179,"minecraft:sneak_time":6679,"minecraft:jump":1288,"minecraft:leave_game":8,"minecraft:time_since_death":114109,"minecraft:total_world_time":184491,"minecraft:fall_one_cm":22161,"minecraft:fly_one_cm":716984}},"DataVersion":2865}