{"stats":{"minecraft:used":{"minecraft:yellow_wool":34,"minecraft:yellow_concrete_powder":57,"minecraft:lime_concrete":668,"minecraft:light_blue_concrete_powder":54,"minecraft:light_blue_concrete":707,"minecraft:red_wool":26,"minecraft:yellow_stained_glass":7,"minecraft:red_stained_glass":5,"minecraft:light_gray_concrete":20,"minecraft:red_concrete_powder":60,"minecraft:lime_stained_glass":61,"minecraft:red_concrete":677,"minecraft:light_blue_wool":27,"minecraft:barrier":7,"minecraft:lime_wool":108,"minecraft:yellow_concrete":725,"minecraft:lime_concrete_powder":63,"minecraft:magenta_concrete":10,"minecraft:leather_chestplate":12,"minecraft:white_concrete":14,"minecraft:magenta_concrete_powder":11,"minecraft:light_blue_stained_glass":6},"minecraft:custom":{"minecraft:time_since_rest":117512,"minecraft:crouch_one_cm":6354,"minecraft:sprint_one_cm":126358,"minecraft:play_time":117512,"minecraft:walk_one_cm":60456,"minecraft:sneak_time":6836,"minecraft:jump":1373,"minecraft:leave_game":10,"minecraft:time_since_death":117512,"minecraft:total_world_time":190957,"minecraft:fall_one_cm":23157,"minecraft:fly_one_cm":743867}},"DataVersion":2865}