{
	"textures": {
		"particle": "itd:item/device/base",
		"base": "itd:item/device/base"
	},
	"elements": [
		{
			"from": [3, 0, 1],
			"to": [13, 1, 15],
			"rotation": {"angle": 0, "axis": "y", "origin": [0, 0.5, 0]},
			"faces": {
				"north": {"uv": [2, 8.5, 7, 9], "texture": "#base"},
				"east": {"uv": [1, 7.5, 8, 8], "texture": "#base"},
				"south": {"uv": [7, 8.5, 12, 9], "texture": "#base"},
				"west": {"uv": [1, 8, 8, 8.5], "texture": "#base"},
				"up": {"uv": [0, 0, 10, 14], "texture": "#screen"},
				"down": {"uv": [10, 0, 5, 7], "texture": "#base"}
			}
		},
		{
			"from": [3, 1, 1],
			"to": [4, 2, 15],
			"faces": {
				"north": {"uv": [2, 10, 2.5, 10.5], "texture": "#base"},
				"east": {"uv": [0, 7, 7, 7.5], "texture": "#base"},
				"south": {"uv": [10, 2, 10.5, 2.5], "texture": "#base"},
				"west": {"uv": [7, 7, 14, 7.5], "texture": "#base"},
				"up": {"uv": [0.5, 14.5, 0, 7.5], "texture": "#base"},
				"down": {"uv": [1, 7.5, 0.5, 14.5], "texture": "#base"}
			}
		},
		{
			"from": [12, 1, 1],
			"to": [13, 2, 15],
			"faces": {
				"north": {"uv": [2.5, 10, 3, 10.5], "texture": "#base"},
				"east": {"uv": [8, 7.5, 15, 8], "texture": "#base"},
				"south": {"uv": [10, 2.5, 10.5, 3], "texture": "#base"},
				"west": {"uv": [8, 8, 15, 8.5], "texture": "#base"},
				"up": {"uv": [1.5, 15.5, 1, 8.5], "texture": "#base"},
				"down": {"uv": [2, 8.5, 1.5, 15.5], "texture": "#base"}
			}
		},
		{
			"from": [4, 1, 1],
			"to": [12, 2, 2],
			"faces": {
				"north": {"uv": [2, 9, 6, 9.5], "texture": "#base"},
				"east": {"uv": [3, 10, 3.5, 10.5], "texture": "#base"},
				"south": {"uv": [6, 9, 10, 9.5], "texture": "#base"},
				"west": {"uv": [10, 3, 10.5, 3.5], "texture": "#base"},
				"up": {"uv": [6, 10, 2, 9.5], "texture": "#base"},
				"down": {"uv": [10, 9.5, 6, 10], "texture": "#base"}
			}
		},
		{
			"from": [4, 1, 14],
			"to": [12, 2, 15],
			"faces": {
				"north": {"uv": [10, 0, 14, 0.5], "texture": "#base"},
				"east": {"uv": [3.5, 10, 4, 10.5], "texture": "#base"},
				"south": {"uv": [10, 0.5, 14, 1], "texture": "#base"},
				"west": {"uv": [10, 3.5, 10.5, 4], "texture": "#base"},
				"up": {"uv": [14, 1.5, 10, 1], "texture": "#base"},
				"down": {"uv": [14, 1.5, 10, 2], "texture": "#base"}
			}
		}
	],
	"display": {
		"thirdperson_righthand": {
			"rotation": [90, 0, 15],
			"translation": [-1, 3.25, 4.25],
			"scale": [0.5, 0.5, 0.5]
		},
		"thirdperson_lefthand": {
			"rotation": [90, 0, 15],
			"translation": [-1, 3.25, 4.25],
			"scale": [0.5, 0.5, 0.5]
		},
		"firstperson_righthand": {
			"rotation": [83, 0, 23],
			"translation": [4.25, 1.25, 0]
		},
		"firstperson_lefthand": {
			"rotation": [83, 0, 23],
			"translation": [4.25, 1.25, 0]
		},
		"gui": {
			"rotation": [90, 0, 0]
		}
	}
}