{
	"texture_size": [32, 32],
	"textures": {
		"0": "itd:item/weapon/minigun",
		"particle": "itd:item/weapon/minigun"
	},
	"elements": [
		{
			"from": [5, 0, 1],
			"to": [11, 6, 7],
			"faces": {
				"north": {"uv": [0, 0, 3, 3], "texture": "#0"},
				"east": {"uv": [0, 3, 3, 6], "texture": "#0"},
				"south": {"uv": [3, 0, 6, 3], "texture": "#0"},
				"west": {"uv": [3, 3, 6, 6], "texture": "#0"},
				"up": {"uv": [3, 9, 0, 6], "texture": "#0"},
				"down": {"uv": [9, 0, 6, 3], "texture": "#0"}
			}
		},
		{
			"from": [6, 1, 0],
			"to": [10, 5, 1],
			"faces": {
				"north": {"uv": [3, 6, 5, 8], "texture": "#0"},
				"east": {"uv": [9, 0, 9.5, 2], "texture": "#0"},
				"south": {"uv": [6, 3, 8, 5], "texture": "#0"},
				"west": {"uv": [1, 9, 1.5, 11], "texture": "#0"},
				"up": {"uv": [11, 2.5, 9, 2], "texture": "#0"},
				"down": {"uv": [11, 2.5, 9, 3], "texture": "#0"}
			}
		},
		{
			"from": [6, 1, 7],
			"to": [10, 5, 8],
			"faces": {
				"north": {"uv": [5, 6, 7, 8], "texture": "#0"},
				"east": {"uv": [1.5, 9, 2, 11], "texture": "#0"},
				"south": {"uv": [7, 5, 9, 7], "texture": "#0"},
				"west": {"uv": [2, 9, 2.5, 11], "texture": "#0"},
				"up": {"uv": [11, 5.5, 9, 5], "texture": "#0"},
				"down": {"uv": [11, 5.5, 9, 6], "texture": "#0"}
			}
		},
		{
			"from": [7.5, 1.5, 8],
			"to": [8.5, 2.5, 20],
			"rotation": {"angle": -45, "axis": "z", "origin": [8, 2, 14]},
			"faces": {
				"north": {"uv": [6, 5, 6.5, 5.5], "texture": "#0"},
				"east": {"uv": [7, 7, 13, 7.5], "texture": "#0"},
				"south": {"uv": [6, 5.5, 6.5, 6], "texture": "#0"},
				"west": {"uv": [7, 7.5, 13, 8], "texture": "#0"},
				"up": {"uv": [3.5, 14, 3, 8], "texture": "#0"},
				"down": {"uv": [4, 8, 3.5, 14], "texture": "#0"}
			}
		},
		{
			"from": [7.5, 3.5, 8],
			"to": [8.5, 4.5, 20],
			"rotation": {"angle": -45, "axis": "z", "origin": [8, 4, 14]},
			"faces": {
				"north": {"uv": [6.5, 5, 7, 5.5], "texture": "#0"},
				"east": {"uv": [8, 3, 14, 3.5], "texture": "#0"},
				"south": {"uv": [6.5, 5.5, 7, 6], "texture": "#0"},
				"west": {"uv": [8, 3.5, 14, 4], "texture": "#0"},
				"up": {"uv": [4.5, 14, 4, 8], "texture": "#0"},
				"down": {"uv": [5, 8, 4.5, 14], "texture": "#0"}
			}
		},
		{
			"from": [6.5, 2.5, 8],
			"to": [7.5, 3.5, 20],
			"rotation": {"angle": -45, "axis": "z", "origin": [7, 3, 14]},
			"faces": {
				"north": {"uv": [10, 1.5, 10.5, 2], "texture": "#0"},
				"east": {"uv": [8, 4, 14, 4.5], "texture": "#0"},
				"south": {"uv": [9, 10, 9.5, 10.5], "texture": "#0"},
				"west": {"uv": [8, 4.5, 14, 5], "texture": "#0"},
				"up": {"uv": [5.5, 14, 5, 8], "texture": "#0"},
				"down": {"uv": [6, 8, 5.5, 14], "texture": "#0"}
			}
		},
		{
			"from": [8.5, 2.5, 8],
			"to": [9.5, 3.5, 20],
			"rotation": {"angle": -45, "axis": "z", "origin": [9, 3, 14]},
			"faces": {
				"north": {"uv": [9.5, 10, 10, 10.5], "texture": "#0"},
				"east": {"uv": [6, 8, 12, 8.5], "texture": "#0"},
				"south": {"uv": [10, 10, 10.5, 10.5], "texture": "#0"},
				"west": {"uv": [6, 8.5, 12, 9], "texture": "#0"},
				"up": {"uv": [0.5, 15, 0, 9], "texture": "#0"},
				"down": {"uv": [1, 9, 0.5, 15], "texture": "#0"}
			}
		},
		{
			"from": [9, 6, 2],
			"to": [10, 7, 6],
			"faces": {
				"north": {"uv": [10.5, 1.5, 11, 2], "texture": "#0"},
				"east": {"uv": [6, 9, 8, 9.5], "texture": "#0"},
				"south": {"uv": [9, 10.5, 9.5, 11], "texture": "#0"},
				"west": {"uv": [9, 6, 11, 6.5], "texture": "#0"},
				"up": {"uv": [3, 11, 2.5, 9], "texture": "#0"},
				"down": {"uv": [8.5, 9, 8, 11], "texture": "#0"}
			}
		},
		{
			"from": [6, 6, 2],
			"to": [7, 7, 6],
			"faces": {
				"north": {"uv": [10.5, 10, 11, 10.5], "texture": "#0"},
				"east": {"uv": [10, 0.5, 12, 1], "texture": "#0"},
				"south": {"uv": [10.5, 10.5, 11, 11], "texture": "#0"},
				"west": {"uv": [10, 1, 12, 1.5], "texture": "#0"},
				"up": {"uv": [8, 11.5, 7.5, 9.5], "texture": "#0"},
				"down": {"uv": [9, 10, 8.5, 12], "texture": "#0"}
			}
		},
		{
			"from": [11, 3, 2],
			"to": [12, 4, 6],
			"faces": {
				"north": {"uv": [10.5, 9, 11, 9.5], "texture": "#0"},
				"east": {"uv": [9, 6.5, 11, 7], "texture": "#0"},
				"south": {"uv": [9.5, 10.5, 10, 11], "texture": "#0"},
				"west": {"uv": [8.5, 9, 10.5, 9.5], "texture": "#0"},
				"up": {"uv": [10, 2, 9.5, 0], "texture": "#0"},
				"down": {"uv": [6.5, 9.5, 6, 11.5], "texture": "#0"}
			}
		},
		{
			"from": [4, 3, 2],
			"to": [5, 4, 6],
			"faces": {
				"north": {"uv": [10.5, 9.5, 11, 10], "texture": "#0"},
				"east": {"uv": [8.5, 9.5, 10.5, 10], "texture": "#0"},
				"south": {"uv": [10, 10.5, 10.5, 11], "texture": "#0"},
				"west": {"uv": [10, 0, 12, 0.5], "texture": "#0"},
				"up": {"uv": [7, 11.5, 6.5, 9.5], "texture": "#0"},
				"down": {"uv": [7.5, 9.5, 7, 11.5], "texture": "#0"}
			}
		}
	],
	"display": {
		"thirdperson_righthand": {
			"rotation": [10, 165, 0],
			"translation": [-0.75, 0, -1.5]
		},
		"thirdperson_lefthand": {
			"rotation": [10, 165, 0],
			"translation": [-0.75, 0, -1.5]
		},
		"firstperson_righthand": {
			"rotation": [0, 170, 0],
			"translation": [6.25, 6, 0]
		},
		"firstperson_lefthand": {
			"rotation": [0, 170, 0],
			"translation": [6.25, 6, 0]
		},
		"ground": {
			"translation": [0, 2.5, 0],
			"scale": [0.625, 0.625, 0.625]
		},
		"gui": {
			"rotation": [24, -135, 0],
			"translation": [1, 3, 0],
			"scale": [0.875, 0.875, 0.875]
		}
	}
}