{
	"texture_size": [64, 64],
	"textures": {
		"0": "itd:item/weapon/shotgun",
		"particle": "itd:item/weapon/shotgun"
	},
	"elements": [
		{
			"from": [5, 4, 6],
			"to": [10, 9, 9],
			"rotation": {"angle": 0, "axis": "y", "origin": [8, 0, 8]},
			"faces": {
				"north": {"uv": [2.5, 4.75, 3.75, 6], "texture": "#0"},
				"east": {"uv": [0, 6.5, 0.75, 7.75], "texture": "#0"},
				"south": {"uv": [0, 5.25, 1.25, 6.5], "texture": "#0"},
				"west": {"uv": [6.5, 0, 7.25, 1.25], "texture": "#0"},
				"up": {"uv": [7.5, 5.25, 6.25, 4.5], "texture": "#0"},
				"down": {"uv": [2, 6.5, 0.75, 7.25], "texture": "#0"}
			}
		},
		{
			"from": [6, 5, 5],
			"to": [9, 10, 6],
			"rotation": {"angle": 0, "axis": "y", "origin": [8, 0, 8]},
			"faces": {
				"north": {"uv": [0.75, 7.25, 1.5, 8.5], "texture": "#0"},
				"east": {"uv": [3, 8.5, 3.25, 9.75], "texture": "#0"},
				"south": {"uv": [1.5, 7.25, 2.25, 8.5], "texture": "#0"},
				"west": {"uv": [3.25, 8.5, 3.5, 9.75], "texture": "#0"},
				"up": {"uv": [9.25, 0.75, 8.5, 0.5], "texture": "#0"},
				"down": {"uv": [4.75, 8.5, 4, 8.75], "texture": "#0"}
			}
		},
		{
			"from": [6, 8, 16],
			"to": [9, 12, 18],
			"rotation": {"angle": -22.5, "axis": "x", "origin": [7.5, 9, 17]},
			"faces": {
				"north": {"uv": [4, 7.25, 4.75, 8.25], "texture": "#0"},
				"east": {"uv": [3.5, 8, 4, 9], "texture": "#0"},
				"south": {"uv": [7.25, 5.25, 8, 6.25], "texture": "#0"},
				"west": {"uv": [8, 5.5, 8.5, 6.5], "texture": "#0"},
				"up": {"uv": [6.5, 8.75, 5.75, 8.25], "texture": "#0"},
				"down": {"uv": [7.25, 8.25, 6.5, 8.75], "texture": "#0"}
			}
		},
		{
			"from": [6, 12, 6],
			"to": [9, 16, 8],
			"rotation": {"angle": -45, "axis": "x", "origin": [7.5, 15, 8]},
			"faces": {
				"north": {"uv": [7.5, 3.5, 8.25, 4.5], "texture": "#0"},
				"east": {"uv": [8, 6.5, 8.5, 7.5], "texture": "#0"},
				"south": {"uv": [0, 7.75, 0.75, 8.75], "texture": "#0"},
				"west": {"uv": [8.25, 3.25, 8.75, 4.25], "texture": "#0"},
				"up": {"uv": [8, 8.75, 7.25, 8.25], "texture": "#0"},
				"down": {"uv": [8.75, 8.25, 8, 8.75], "texture": "#0"}
			}
		},
		{
			"from": [4, 9, 2],
			"to": [11, 13, 10],
			"rotation": {"angle": 0, "axis": "y", "origin": [8, 0, 8]},
			"faces": {
				"north": {"uv": [4.5, 3.5, 6.25, 4.5], "texture": "#0"},
				"east": {"uv": [2.5, 3.75, 4.5, 4.75], "texture": "#0"},
				"south": {"uv": [4.5, 4.5, 6.25, 5.5], "texture": "#0"},
				"west": {"uv": [4.25, 1.75, 6.25, 2.75], "texture": "#0"},
				"up": {"uv": [1.75, 2, 0, 0], "texture": "#0"},
				"down": {"uv": [3.5, 0, 1.75, 2], "texture": "#0"}
			}
		},
		{
			"from": [5, 11, 10],
			"to": [10, 13, 14],
			"rotation": {"angle": 0, "axis": "y", "origin": [8, 0, 8]},
			"faces": {
				"north": {"uv": [4.75, 7.75, 6, 8.25], "texture": "#0"},
				"east": {"uv": [5.25, 1.25, 6.25, 1.75], "texture": "#0"},
				"south": {"uv": [6, 7.75, 7.25, 8.25], "texture": "#0"},
				"west": {"uv": [8, 5, 9, 5.5], "texture": "#0"},
				"up": {"uv": [7.5, 4.5, 6.25, 3.5], "texture": "#0"},
				"down": {"uv": [5.25, 6.25, 4, 7.25], "texture": "#0"}
			}
		},
		{
			"from": [4, 10, -5],
			"to": [11, 13, 2],
			"rotation": {"angle": 0, "axis": "y", "origin": [8, 0, 8]},
			"faces": {
				"north": {"uv": [3.75, 5.5, 5.5, 6.25], "texture": "#0"},
				"east": {"uv": [5.5, 5.5, 7.25, 6.25], "texture": "#0"},
				"south": {"uv": [6.25, 1.25, 8, 2], "texture": "#0"},
				"west": {"uv": [6.25, 2, 8, 2.75], "texture": "#0"},
				"up": {"uv": [4.25, 3.75, 2.5, 2], "texture": "#0"},
				"down": {"uv": [5.25, 0, 3.5, 1.75], "texture": "#0"}
			}
		},
		{
			"from": [5, 13, -3],
			"to": [10, 16, 7],
			"rotation": {"angle": 0, "axis": "y", "origin": [8, 0, 8]},
			"faces": {
				"north": {"uv": [6.75, 7, 8, 7.75], "texture": "#0"},
				"east": {"uv": [4.25, 2.75, 6.75, 3.5], "texture": "#0"},
				"south": {"uv": [7.25, 0, 8.5, 0.75], "texture": "#0"},
				"west": {"uv": [0, 4.5, 2.5, 5.25], "texture": "#0"},
				"up": {"uv": [1.25, 4.5, 0, 2], "texture": "#0"},
				"down": {"uv": [2.5, 2, 1.25, 4.5], "texture": "#0"}
			}
		},
		{
			"from": [6, 11, -12],
			"to": [9, 12, -5],
			"rotation": {"angle": 0, "axis": "y", "origin": [8, 0, 8]},
			"faces": {
				"north": {"uv": [3.5, 1.75, 4.25, 2], "texture": "#0"},
				"east": {"uv": [8, 7.5, 9.75, 7.75], "texture": "#0"},
				"south": {"uv": [6.25, 5.25, 7, 5.5], "texture": "#0"},
				"west": {"uv": [4, 8.25, 5.75, 8.5], "texture": "#0"},
				"up": {"uv": [3.25, 7.75, 2.5, 6], "texture": "#0"},
				"down": {"uv": [4, 6.25, 3.25, 8], "texture": "#0"}
			}
		},
		{
			"from": [6, 10, -7],
			"to": [9, 11, -5],
			"rotation": {"angle": 0, "axis": "y", "origin": [8, 0, 8]},
			"faces": {
				"north": {"uv": [2.25, 7.75, 3, 8], "texture": "#0"},
				"east": {"uv": [3.25, 6, 3.75, 6.25], "texture": "#0"},
				"south": {"uv": [8.25, 4.25, 9, 4.5], "texture": "#0"},
				"west": {"uv": [4.75, 7.25, 5.25, 7.5], "texture": "#0"},
				"up": {"uv": [2.25, 9, 1.5, 8.5], "texture": "#0"},
				"down": {"uv": [3, 8.5, 2.25, 9], "texture": "#0"}
			}
		},
		{
			"from": [6, 11, 14],
			"to": [9, 13, 20],
			"rotation": {"angle": 0, "axis": "y", "origin": [8, 0, 8]},
			"faces": {
				"north": {"uv": [8.5, 0, 9.25, 0.5], "texture": "#0"},
				"east": {"uv": [7.25, 0.75, 8.75, 1.25], "texture": "#0"},
				"south": {"uv": [0.75, 8.5, 1.5, 9], "texture": "#0"},
				"west": {"uv": [7.5, 4.5, 9, 5], "texture": "#0"},
				"up": {"uv": [6, 7.75, 5.25, 6.25], "texture": "#0"},
				"down": {"uv": [6.75, 6.25, 6, 7.75], "texture": "#0"}
			}
		},
		{
			"from": [5, 8, 9],
			"to": [10, 10, 14],
			"rotation": {"angle": 0, "axis": "y", "origin": [8, 0, 8]},
			"faces": {
				"north": {"uv": [8, 1.75, 9.25, 2.25], "texture": "#0"},
				"east": {"uv": [2.25, 8, 3.5, 8.5], "texture": "#0"},
				"south": {"uv": [8, 2.25, 9.25, 2.75], "texture": "#0"},
				"west": {"uv": [8, 2.75, 9.25, 3.25], "texture": "#0"},
				"up": {"uv": [6.5, 1.25, 5.25, 0], "texture": "#0"},
				"down": {"uv": [2.5, 5.25, 1.25, 6.5], "texture": "#0"}
			}
		},
		{
			"from": [5, 10, 12],
			"to": [10, 13, 14],
			"rotation": {"angle": 0, "axis": "y", "origin": [8, 0, 8]},
			"faces": {
				"north": {"uv": [6.75, 2.75, 8, 3.5], "texture": "#0"},
				"east": {"uv": [3.75, 4.75, 4.25, 5.5], "texture": "#0"},
				"south": {"uv": [6.75, 6.25, 8, 7], "texture": "#0"},
				"west": {"uv": [2, 6.5, 2.5, 7.25], "texture": "#0"},
				"up": {"uv": [8.5, 8.25, 7.25, 7.75], "texture": "#0"},
				"down": {"uv": [9.25, 1.25, 8, 1.75], "texture": "#0"}
			}
		}
	],
	"display": {
		"thirdperson_righthand": {
			"rotation": [0, -15, 0],
			"translation": [0, 0.5, 0],
			"scale": [0.625, 0.625, 0.625]
		},
		"thirdperson_lefthand": {
			"rotation": [0, -15, 0],
			"translation": [0, 0.5, 0],
			"scale": [0.625, 0.625, 0.625]
		},
		"firstperson_righthand": {
			"rotation": [0, -6, 0],
			"translation": [10, 0, 0],
			"scale": [0.75, 0.75, 0.75]
		},
		"firstperson_lefthand": {
			"rotation": [0, -6, 0],
			"translation": [10, 0, 0],
			"scale": [0.75, 0.75, 0.75]
		},
		"gui": {
			"rotation": [22.5, 45, 0],
			"translation": [2, -1.75, 0],
			"scale": [0.625, 0.625, 0.625]
		}
	}
}