{
    "parent": "minecraft:item/generated",
    "textures": {
        "layer0": "minecraft:item/structure_void"
    },
    "display": {
        "thirdperson_righthand": {
            "scale": [ 0.0, 0.0, 0.0 ]
        },
        "thirdperson_lefthand": {
            "scale": [ 0.0, 0.0, 0.0 ]
        },
        "firstperson_righthand": {
            "scale": [ 0.0, 0.0, 0.0 ]
        },
        "firstperson_lefthand": {
            "scale": [ 0.0, 0.0, 0.0 ]
        },
        "gui": {
            "scale": [ 0.0, 0.0, 0.0 ]
        }
    }
}
