{
    "parent": "minecraft:item/generated",
    "textures": {
        "layer0": "minecraft:item/crossbow_standby"
    },
    "display": {
        "thirdperson_righthand": {
            "rotation": [ -90, 0, -60 ],
            "translation": [ 2, 0.1, -3 ],
            "scale": [ 0.9, 0.9, 0.9 ]
        },
        "thirdperson_lefthand": {
            "rotation": [ -90, 0, 30 ],
            "translation": [ 2, 0.1, -3 ],
            "scale": [ 0.9, 0.9, 0.9 ]
        },
        "firstperson_righthand": {
            "rotation": [ -90, 0, -55 ],
            "translation": [ 1.13, 3.2, 1.13],
            "scale": [ 0.68, 0.68, 0.68 ]
        },
        "firstperson_lefthand": {
            "rotation": [ -90, 0, 35 ],
            "translation": [ 1.13, 3.2, 1.13],
            "scale": [ 0.68, 0.68, 0.68 ]
        }
    },
    "overrides": [
        {"predicate": {"custom_model_data": 1}, "model": "itd:item/equipment/weapon_ranged/minigun"},
        {"predicate": {"custom_model_data": 2}, "model": "itd:item/equipment/weapon_ranged/pistol"},
        {"predicate": {"custom_model_data": 3}, "model": "itd:item/equipment/weapon_ranged/shotgun"},
        {"predicate": {"custom_model_data": 4}, "model": "itd:item/equipment/weapon_ranged/rifle"}
    ]
}
