{
    "parent": "builtin/generated",
    "gui_light": "front",
    "display": {
        "ground": {
            "rotation": [ 0, 0, 0 ],
            "translation": [ 0, 2, 0],
            "scale":[ 0.5, 0.5, 0.5 ]
        },
        "head": {
            "rotation": [ 0, 180, 0 ],
            "translation": [ 0, 13, 7],
            "scale":[ 1, 1, 1]
        },
        "fixed": {
            "rotation": [ 0, 180, 0 ],
            "scale": [ 1, 1, 1 ]
        },
        "thirdperson_righthand": {
            "scale": [ 0.0, 0.0, 0.0 ]
        },
        "thirdperson_lefthand": {
            "scale": [ 0.0, 0.0, 0.0 ]
        },
        "firstperson_righthand": {
            "scale": [ 0.0, 0.0, 0.0 ]
        },
        "firstperson_lefthand": {
            "scale": [ 0.0, 0.0, 0.0 ]
        }
    }
}
