{
	"parent": "minecraft:item/generated",
	"textures": {
		"layer0": "minecraft:item/golden_axe"
	},
	"overrides": [
		{"predicate": {"custom_model_data" : 1}, "model": "minecraft:item/chain"},
		{"predicate": {"custom_model_data" : 2}, "model": "minecraft:item/spider_eye"},
		{"predicate": {"custom_model_data" : 3}, "model": "minecraft:item/soul_lantern"},
		{"predicate": {"custom_model_data" : 4}, "model": "minecraft:item/netherite_pickaxe"},
		{"predicate": {"custom_model_data" : 5}, "model": "minecraft:item/fire_charge"}
	]
}
