{
	"parent": "minecraft:item/generated",
	"textures": {
		"layer0": "minecraft:item/spectral_arrow"
	},
	"overrides": [
		{
			"predicate": {
				"custom_model_data" : 1
			},
			"model": "itd:item/device/missions"
		},
		{
			"predicate": {
				"custom_model_data" : 2
			},
			"model": "itd:item/device/glow"
		},
		{
			"predicate": {
				"custom_model_data" : 3
			},
			"model": "itd:item/device/glow_surface"
		},
		{
			"predicate": {
				"custom_model_data" : 4
			},
			"model": "itd:item/device/glow_warning"
		}
	]
}
