{
	"texture_size": [32, 32],
	"textures": {
		"0": "itd:item/equipment/weapon_ranged/pistol"
	},
	"elements": [
		{
			"from": [6.1, 1.53878, 12.84949],
			"to": [9.9, 4.93878, 15.84949],
			"rotation": {"angle": -22.5, "axis": "x", "origin": [8, 3, 15]},
			"faces": {
				"north": {"uv": [7, 6.5, 9, 8], "texture": "#0"},
				"east": {"uv": [4, 9, 5.5, 10.5], "texture": "#0"},
				"south": {"uv": [7.5, 0, 9.5, 1.5], "texture": "#0"},
				"west": {"uv": [5.5, 9, 7, 10.5], "texture": "#0"},
				"up": {"uv": [10, 3, 8, 1.5], "texture": "#0"},
				"down": {"uv": [10, 3, 8, 4.5], "texture": "#0"}
			}
		},
		{
			"from": [6, 3.97733, 11.27724],
			"to": [10, 8.97733, 14.27724],
			"rotation": {"angle": -22.5, "axis": "x", "origin": [8, 6.47733, 12.77724]},
			"faces": {
				"north": {"uv": [4, 4, 6, 6.5], "texture": "#0"},
				"east": {"uv": [4, 6.5, 5.5, 9], "texture": "#0"},
				"south": {"uv": [5.5, 0, 7.5, 2.5], "texture": "#0"},
				"west": {"uv": [5.5, 6.5, 7, 9], "texture": "#0"},
				"up": {"uv": [10, 6, 8, 4.5], "texture": "#0"},
				"down": {"uv": [9, 8, 7, 9.5], "texture": "#0"}
			}
		},
		{
			"name": "mag",
			"from": [6.3, 0.63878, 13.44949],
			"to": [9.7, 1.53878, 15.44949],
			"rotation": {"angle": -22.5, "axis": "x", "origin": [8, 3, 15]},
			"faces": {
				"north": {"uv": [9, 8, 10.5, 8.5], "texture": "#0"},
				"east": {"uv": [8, 6, 9, 6.5], "texture": "#0"},
				"south": {"uv": [9, 8.5, 10.5, 9], "texture": "#0"},
				"west": {"uv": [2.5, 9.5, 3.5, 10], "texture": "#0"},
				"up": {"uv": [10.5, 7, 9, 6], "texture": "#0"},
				"down": {"uv": [10.5, 7, 9, 8], "texture": "#0"}
			}
		},
		{
			"name": "body",
			"from": [5.8, 7, 2],
			"to": [10.2, 11, 13],
			"rotation": {"angle": 0, "axis": "y", "origin": [8, 9, 7.5]},
			"faces": {
				"north": {"uv": [6, 2.5, 8, 4.5], "texture": "#0"},
				"east": {"uv": [0, 0, 5.5, 2], "texture": "#0"},
				"south": {"uv": [6, 4.5, 8, 6.5], "texture": "#0"},
				"west": {"uv": [0, 2, 5.5, 4], "texture": "#0"},
				"up": {"uv": [2, 9.5, 0, 4], "texture": "#0"},
				"down": {"uv": [4, 4, 2, 9.5], "texture": "#0"}
			}
		},
		{
			"from": [7.2, 7.39706, 1.3],
			"to": [8.8, 8.19706, 2],
			"rotation": {"angle": 0, "axis": "z", "origin": [9.2, 10.69706, 1.65]},
			"faces": {
				"north": {"uv": [7.5, 1.5, 8, 2.5], "rotation": 90, "texture": "#0"},
				"east": {"uv": [10.5, 1.5, 10, 2], "rotation": 270, "texture": "#0"},
				"south": {"uv": [7, 9.5, 7.5, 10.5], "rotation": 270, "texture": "#0"},
				"west": {"uv": [10.5, 1.5, 10, 1], "rotation": 270, "texture": "#0"},
				"up": {"uv": [3.5, 9.5, 4, 10.5], "rotation": 270, "texture": "#0"},
				"down": {"uv": [7.5, 9.5, 8, 10.5], "rotation": 270, "texture": "#0"}
			}
		},
		{
			"from": [7.20294, 9.8, 1.3],
			"to": [8.80294, 10.6, 2],
			"rotation": {"angle": 0, "axis": "z", "origin": [7.50294, 9, 1.65]},
			"faces": {
				"north": {"uv": [8, 9.5, 8.5, 10.5], "rotation": 90, "texture": "#0"},
				"east": {"uv": [3, 10, 2.5, 10.5], "rotation": 270, "texture": "#0"},
				"south": {"uv": [9.5, 9, 10, 10], "rotation": 270, "texture": "#0"},
				"west": {"uv": [10.5, 2.5, 10, 2], "rotation": 270, "texture": "#0"},
				"up": {"uv": [8.5, 9.5, 9, 10.5], "rotation": 270, "texture": "#0"},
				"down": {"uv": [10, 0, 10.5, 1], "rotation": 270, "texture": "#0"}
			}
		},
		{
			"from": [8.8, 7.4, 1.3],
			"to": [9.6, 10.6, 2],
			"rotation": {"angle": 0, "axis": "y", "origin": [9.2, 9, 1.65]},
			"faces": {
				"north": {"uv": [5.5, 2.5, 6, 4], "texture": "#0"},
				"east": {"uv": [9, 9, 9.5, 10.5], "texture": "#0"},
				"south": {"uv": [0, 9.5, 0.5, 11], "texture": "#0"},
				"west": {"uv": [9.5, 0, 10, 1.5], "texture": "#0"},
				"up": {"uv": [10.5, 3, 10, 2.5], "texture": "#0"},
				"down": {"uv": [3.5, 10, 3, 10.5], "texture": "#0"}
			}
		},
		{
			"from": [6.4, 7.4, 1.3],
			"to": [7.2, 10.6, 2],
			"rotation": {"angle": 0, "axis": "y", "origin": [6.8, 9, 1.65]},
			"faces": {
				"north": {"uv": [0.5, 9.5, 1, 11], "texture": "#0"},
				"east": {"uv": [1, 9.5, 1.5, 11], "texture": "#0"},
				"south": {"uv": [1.5, 9.5, 2, 11], "texture": "#0"},
				"west": {"uv": [2, 9.5, 2.5, 11], "texture": "#0"},
				"up": {"uv": [10.5, 3.5, 10, 3], "texture": "#0"},
				"down": {"uv": [10.5, 3.5, 10, 4], "texture": "#0"}
			}
		},
		{
			"from": [7.4, 12.2, 12.8],
			"to": [8.6, 13.4, 14],
			"rotation": {"angle": 0, "axis": "y", "origin": [8, 12, 12]},
			"faces": {
				"north": {"uv": [10, 4, 10.5, 4.5], "texture": "#0"},
				"east": {"uv": [10, 4.5, 10.5, 5], "texture": "#0"},
				"south": {"uv": [10, 5, 10.5, 5.5], "texture": "#0"},
				"west": {"uv": [10, 5.5, 10.5, 6], "texture": "#0"},
				"up": {"uv": [10.5, 9.5, 10, 9], "texture": "#0"},
				"down": {"uv": [10, 10, 9.5, 10.5], "texture": "#0"}
			}
		},
		{
			"from": [7.4, 11, 11.7],
			"to": [8.6, 12.2, 12.9],
			"rotation": {"angle": 0, "axis": "y", "origin": [8, 12, 12]},
			"faces": {
				"north": {"uv": [10, 9.5, 10.5, 10], "texture": "#0"},
				"east": {"uv": [10, 10, 10.5, 10.5], "texture": "#0"},
				"south": {"uv": [10.5, 0, 11, 0.5], "texture": "#0"},
				"west": {"uv": [10.5, 0.5, 11, 1], "texture": "#0"},
				"up": {"uv": [11, 1.5, 10.5, 1], "texture": "#0"},
				"down": {"uv": [11, 1.5, 10.5, 2], "texture": "#0"}
			}
		}
	],
	"display": {
		"thirdperson_righthand": {
			"translation": [0, 0.75, -1.25],
			"scale": [0.625, 0.625, 0.625]
		},
		"thirdperson_lefthand": {
			"translation": [0, 0.75, -1.25],
			"scale": [0.625, 0.625, 0.625]
		},
		"firstperson_righthand": {
			"rotation": [0, -10, 0],
			"translation": [5, 0, 0],
			"scale": [0.75, 0.75, 0.75]
		},
		"firstperson_lefthand": {
			"rotation": [0, -10, 0],
			"translation": [5, 0, 0],
			"scale": [0.75, 0.75, 0.75]
		},
		"gui": {
			"rotation": [12.5, 45, 0],
			"translation": [-0.5, 2, 0],
			"scale": [0.875, 0.875, 0.875]
		}
	},
	"groups": [
		{
			"name": "pistol",
			"origin": [8, 0, 8],
			"color": 0,
			"nbt": "{}",
			"children": [
				{
					"name": "grip",
					"origin": [8, 1, 15],
					"color": 0,
					"nbt": "{}",
					"children": [0, 1, 2]
				},
				{
					"name": "mainPart",
					"origin": [8, 10, 12],
					"color": 0,
					"nbt": "{}",
					"children": [
						3,
						{
							"name": "barrel",
							"origin": [6.8, 7, 1.65],
							"color": 0,
							"nbt": "{}",
							"children": [4, 5, 6, 7]
						},
						{
							"name": "thingy",
							"origin": [8, 10, 12],
							"color": 0,
							"nbt": "{}",
							"children": [8, 9]
						}
					]
				}
			]
		}
	]
}