{
	"texture_size": [64, 64],
	"textures": {
		"0": "itd:item/equipment/weapon_ranged/shotgun",
		"particle": "itd:item/equipment/weapon_ranged/shotgun"
	},
	"elements": [
		{
			"from": [6, 7, 15],
			"to": [10, 10, 22],
			"rotation": {"angle": 22.5, "axis": "x", "origin": [8, 7.5, 15.5]},
			"faces": {
				"north": {"uv": [2.5, 6.75, 3.5, 7.5], "texture": "#0"},
				"east": {"uv": [1, 6, 2.75, 6.75], "texture": "#0"},
				"south": {"uv": [3.5, 6.75, 4.5, 7.5], "texture": "#0"},
				"west": {"uv": [2.75, 6, 4.5, 6.75], "texture": "#0"},
				"up": {"uv": [2.25, 6, 1.25, 4.25], "texture": "#0"},
				"down": {"uv": [3.25, 4.25, 2.25, 6], "texture": "#0"}
			}
		},
		{
			"from": [5, 8, -1],
			"to": [11, 12, 6],
			"rotation": {"angle": 0, "axis": "y", "origin": [8, 0, 8]},
			"faces": {
				"north": {"uv": [5.25, 0, 6.75, 1], "texture": "#0"},
				"east": {"uv": [4.75, 2, 6.5, 3], "texture": "#0"},
				"south": {"uv": [5.25, 4, 6.75, 5], "texture": "#0"},
				"west": {"uv": [4.75, 3, 6.5, 4], "texture": "#0"},
				"up": {"uv": [3.5, 1.75, 2, 0], "texture": "#0"},
				"down": {"uv": [3.5, 1.75, 2, 3.5], "texture": "#0"}
			}
		},
		{
			"from": [6, 7, 11],
			"to": [10, 10, 22],
			"rotation": {"angle": 0, "axis": "y", "origin": [8, 0, 8]},
			"faces": {
				"north": {"uv": [6.75, 3.75, 7.75, 4.5], "texture": "#0"},
				"east": {"uv": [3.5, 1.25, 6.25, 2], "texture": "#0"},
				"south": {"uv": [0, 7, 1, 7.75], "texture": "#0"},
				"west": {"uv": [1.75, 3.5, 4.5, 4.25], "texture": "#0"},
				"up": {"uv": [1, 2.75, 0, 0], "texture": "#0"},
				"down": {"uv": [2, 0, 1, 2.75], "texture": "#0"}
			}
		},
		{
			"from": [6, 6, 5],
			"to": [10, 11, 12],
			"rotation": {"angle": 0, "axis": "y", "origin": [8, 0, 8]},
			"faces": {
				"north": {"uv": [6.25, 5.75, 7.25, 7], "texture": "#0"},
				"east": {"uv": [0, 2.75, 1.75, 4], "texture": "#0"},
				"south": {"uv": [6.5, 1.75, 7.5, 3], "texture": "#0"},
				"west": {"uv": [3.5, 0, 5.25, 1.25], "texture": "#0"},
				"up": {"uv": [4.25, 6, 3.25, 4.25], "texture": "#0"},
				"down": {"uv": [5.25, 4.25, 4.25, 6], "texture": "#0"}
			}
		},
		{
			"from": [6, 5, -5],
			"to": [10, 11, 0],
			"rotation": {"angle": 0, "axis": "y", "origin": [8, 0, 8]},
			"faces": {
				"north": {"uv": [5.25, 5, 6.25, 6.5], "texture": "#0"},
				"east": {"uv": [3.5, 2, 4.75, 3.5], "texture": "#0"},
				"south": {"uv": [0, 5.5, 1, 7], "texture": "#0"},
				"west": {"uv": [0, 4, 1.25, 5.5], "texture": "#0"},
				"up": {"uv": [5.5, 7.75, 4.5, 6.5], "texture": "#0"},
				"down": {"uv": [2, 6.75, 1, 8], "texture": "#0"}
			}
		},
		{
			"from": [7, 7, -11],
			"to": [9, 10, -5],
			"rotation": {"angle": 0, "axis": "y", "origin": [8, 0, 8]},
			"faces": {
				"north": {"uv": [3, 7.5, 3.5, 8.25], "texture": "#0"},
				"east": {"uv": [6.5, 3, 8, 3.75], "texture": "#0"},
				"south": {"uv": [3.5, 7.5, 4, 8.25], "texture": "#0"},
				"west": {"uv": [6.75, 0, 8.25, 0.75], "texture": "#0"},
				"up": {"uv": [7.5, 8.5, 7, 7], "texture": "#0"},
				"down": {"uv": [3, 7.5, 2.5, 9], "texture": "#0"}
			}
		},
		{
			"from": [7, 5, -8],
			"to": [9, 6, -5],
			"rotation": {"angle": 0, "axis": "y", "origin": [8, 0, 8]},
			"faces": {
				"north": {"uv": [4.5, 6.25, 5, 6.5], "texture": "#0"},
				"east": {"uv": [4.5, 4, 5.25, 4.25], "texture": "#0"},
				"south": {"uv": [6.75, 4.75, 7.25, 5], "texture": "#0"},
				"west": {"uv": [5.25, 1, 6, 1.25], "texture": "#0"},
				"up": {"uv": [4.5, 8.25, 4, 7.5], "texture": "#0"},
				"down": {"uv": [8, 6.5, 7.5, 7.25], "texture": "#0"}
			}
		},
		{
			"from": [7, 6, -1],
			"to": [9, 7, 5],
			"rotation": {"angle": 0, "axis": "y", "origin": [8, 0, 8]},
			"faces": {
				"north": {"uv": [1.25, 4, 1.75, 4.25], "texture": "#0"},
				"east": {"uv": [6.75, 0.75, 8.25, 1], "texture": "#0"},
				"south": {"uv": [4.5, 6, 5, 6.25], "texture": "#0"},
				"west": {"uv": [6.75, 4.5, 8.25, 4.75], "texture": "#0"},
				"up": {"uv": [6.5, 8.5, 6, 7], "texture": "#0"},
				"down": {"uv": [7, 7, 6.5, 8.5], "texture": "#0"}
			}
		},
		{
			"from": [7, 6, 4],
			"to": [9, 9, 11],
			"rotation": {"angle": 45, "axis": "x", "origin": [8, 0, 8]},
			"faces": {
				"north": {"uv": [7.25, 5.75, 7.75, 6.5], "texture": "#0"},
				"east": {"uv": [6.25, 1, 8, 1.75], "texture": "#0"},
				"south": {"uv": [7.5, 1.75, 8, 2.5], "texture": "#0"},
				"west": {"uv": [6.25, 5, 8, 5.75], "texture": "#0"},
				"up": {"uv": [6, 8.25, 5.5, 6.5], "texture": "#0"},
				"down": {"uv": [2.5, 6.75, 2, 8.5], "texture": "#0"}
			}
		}
	],
	"display": {
		"thirdperson_righthand": {
			"rotation": [0, -15, 0],
			"translation": [0, 2, -2.75],
			"scale": [0.75, 0.75, 0.75]
		},
		"thirdperson_lefthand": {
			"rotation": [0, -15, 0],
			"translation": [0, 2, -2.75],
			"scale": [0.75, 0.75, 0.75]
		},
		"firstperson_righthand": {
			"rotation": [0, -10.5, 0],
			"translation": [9.5, 0, -0.75],
			"scale": [0.875, 0.875, 0.875]
		},
		"firstperson_lefthand": {
			"rotation": [0, -10.5, 0],
			"translation": [9.5, 0, -0.75],
			"scale": [0.875, 0.875, 0.875]
		},
		"gui": {
			"rotation": [22.5, 45, 0],
			"translation": [0.75, 0, 0],
			"scale": [0.5, 0.5, 0.5]
		}
	}
}