{
    "targets": [
        "water",
        "translucent",
        "itemEntity",
        "particles",
        "clouds",
        "weather",
        "vanilla",
        "filter_bright",
        "blur_x",
        "blur_y"
    ],
    "passes": [
        {
            "name": "transparency",
            "intarget": "minecraft:main",
            "outtarget": "vanilla",
            "auxtargets": [
                {
                    "name": "DiffuseDepthSampler",
                    "id": "minecraft:main:depth"
                },
                {
                    "name": "TranslucentSampler",
                    "id": "translucent"
                },
                {
                    "name": "TranslucentDepthSampler",
                    "id": "translucent:depth"
                },
                {
                    "name": "ItemEntitySampler",
                    "id": "itemEntity"
                },
                {
                    "name": "ItemEntityDepthSampler",
                    "id": "itemEntity:depth"
                },
                {
                    "name": "ParticlesSampler",
                    "id": "particles"
                },
                {
                    "name": "ParticlesDepthSampler",
                    "id": "particles:depth"
                },
                {
                    "name": "CloudsSampler",
                    "id": "clouds"
                },
                {
                    "name": "CloudsDepthSampler",
                    "id": "clouds:depth"
                },
                {
                    "name": "WeatherSampler",
                    "id": "weather"
                },
                {
                    "name": "WeatherDepthSampler",
                    "id": "weather:depth"
                }
            ]
        },

        {
            "name": "filter_bright",
            "intarget": "vanilla",
            "outtarget": "filter_bright"
        },
        {
            "name": "blur",
            "intarget": "filter_bright",
            "outtarget": "blur_x",
            "uniforms": [
                {
                    "name": "BlurDir",
                    "values": [ 1.0, 0.0 ]
                },
                {
                    "name": "Radius",
                    "values": [ 25.0 ]
                }
            ]
        },

        {
            "name": "filter_bright",
            "intarget": "vanilla",
            "outtarget": "filter_bright"
        },
        {
            "name": "blur",
            "intarget": "blur_x",
            "outtarget": "blur_y",
            "uniforms": [
                {
                    "name": "BlurDir",
                    "values": [ 0.0, 1.0 ]
                },
                {
                    "name": "Radius",
                    "values": [ 25.0 ]
                }
            ]
        },
        {
            "name": "apply_bloom",
            "intarget": "vanilla",
            "outtarget": "minecraft:main",
            "auxtargets": [
                {
                    "name": "BloomSampler",
                    "id": "blur_y"
                }
            ]
        }

    ]
}
