{
	"textures": {
		"0": "itd:item/equipment/weapon_melee/chainsaw",
		"1": "itd:item/equipment/weapon_melee/chainsaw_teeth",
		"particle": "itd:item/equipment/weapon_melee/chainsaw"
	},
	"elements": [
		{
			"from": [6, 0, 1],
			"to": [10, 6, 7],
			"rotation": {"angle": 0, "axis": "y", "origin": [8, 4.75, 10.5]},
			"faces": {
				"north": {"uv": [6, 3, 8, 6], "texture": "#0"},
				"east": {"uv": [3, 4, 6, 7], "texture": "#0"},
				"south": {"uv": [6, 0, 8, 3], "texture": "#0"},
				"west": {"uv": [0, 4, 3, 7], "texture": "#0"},
				"up": {"uv": [8, 9, 6, 6], "rotation": 180, "texture": "#0"},
				"down": {"uv": [2, 7, 0, 10], "rotation": 180, "texture": "#0"}
			}
		},
		{
			"from": [6, 1, 0],
			"to": [10, 5, 1],
			"rotation": {"angle": 0, "axis": "y", "origin": [8, 4.75, 10.5]},
			"faces": {
				"north": {"uv": [4, 7, 6, 9], "texture": "#0"},
				"east": {"uv": [3, 9, 3.5, 11], "texture": "#0"},
				"south": {"uv": [2, 7, 4, 9], "texture": "#0"},
				"west": {"uv": [2.5, 9, 3, 11], "texture": "#0"},
				"up": {"uv": [11, 3.5, 9, 3], "rotation": 180, "texture": "#0"},
				"down": {"uv": [5.5, 9, 3.5, 9.5], "rotation": 180, "texture": "#0"}
			}
		},
		{
			"from": [7, 0, 7],
			"to": [9, 6, 8],
			"rotation": {"angle": 0, "axis": "y", "origin": [8, 4.75, 10.5]},
			"faces": {
				"north": {"uv": [8, 3, 9, 6], "texture": "#0"},
				"east": {"uv": [2, 9, 2.5, 12], "texture": "#0"},
				"south": {"uv": [8, 0, 9, 3], "texture": "#0"},
				"west": {"uv": [9, 0, 9.5, 3], "texture": "#0"},
				"up": {"uv": [10.5, 6, 9.5, 5.5], "rotation": 180, "texture": "#0"},
				"down": {"uv": [10.5, 6, 9.5, 6.5], "rotation": 180, "texture": "#0"}
			}
		},
		{
			"from": [7.5, 1, 8],
			"to": [8.5, 5, 20],
			"rotation": {"angle": 0, "axis": "y", "origin": [8, 4.75, 10.5]},
			"faces": {
				"north": {"uv": [6, 9.5, 6.5, 11.5], "texture": "#0"},
				"east": {"uv": [0, 2, 6, 4], "texture": "#0"},
				"south": {"uv": [5, 9.5, 5.5, 11.5], "texture": "#0"},
				"west": {"uv": [0, 0, 6, 2], "texture": "#0"},
				"up": {"uv": [8.5, 12, 8, 6], "rotation": 180, "texture": "#0"},
				"down": {"uv": [9, 6, 8.5, 12], "rotation": 180, "texture": "#0"}
			}
		},
		{
			"from": [7.5, 2, 20],
			"to": [8.5, 4, 21],
			"rotation": {"angle": 0, "axis": "y", "origin": [8, 4.75, 10.5]},
			"faces": {
				"north": {"uv": [9.5, 7, 10, 8], "texture": "#0"},
				"east": {"uv": [7.5, 9.5, 8, 10.5], "texture": "#0"},
				"south": {"uv": [6.5, 9.5, 7, 10.5], "texture": "#0"},
				"west": {"uv": [7, 9.5, 7.5, 10.5], "texture": "#0"},
				"up": {"uv": [2, 10.5, 1.5, 10], "rotation": 180, "texture": "#0"},
				"down": {"uv": [10.5, 1.5, 10, 2], "rotation": 180, "texture": "#0"}
			}
		},
		{
			"from": [9, 6, 2],
			"to": [10, 7, 6],
			"rotation": {"angle": 0, "axis": "y", "origin": [8, 4.75, 10.5]},
			"faces": {
				"north": {"uv": [9.5, 8.5, 10, 9], "texture": "#0"},
				"east": {"uv": [9, 4, 11, 4.5], "texture": "#0"},
				"south": {"uv": [9.5, 8, 10, 8.5], "texture": "#0"},
				"west": {"uv": [9, 3.5, 11, 4], "texture": "#0"},
				"up": {"uv": [9.5, 6.5, 9, 4.5], "rotation": 180, "texture": "#0"},
				"down": {"uv": [6, 9, 5.5, 11], "rotation": 180, "texture": "#0"}
			}
		},
		{
			"from": [6, 6, 2],
			"to": [7, 7, 6],
			"rotation": {"angle": 0, "axis": "y", "origin": [8, 4.75, 10.5]},
			"faces": {
				"north": {"uv": [9.5, 9.5, 10, 10], "texture": "#0"},
				"east": {"uv": [9, 6.5, 11, 7], "texture": "#0"},
				"south": {"uv": [9.5, 9, 10, 9.5], "texture": "#0"},
				"west": {"uv": [6, 9, 8, 9.5], "texture": "#0"},
				"up": {"uv": [9.5, 9, 9, 7], "rotation": 180, "texture": "#0"},
				"down": {"uv": [9.5, 9, 9, 11], "rotation": 180, "texture": "#0"}
			}
		},
		{
			"from": [10, 3, 2],
			"to": [11, 4, 6],
			"rotation": {"angle": 0, "axis": "y", "origin": [8, 4.75, 10.5]},
			"faces": {
				"north": {"uv": [0.5, 10, 1, 10.5], "texture": "#0"},
				"east": {"uv": [9.5, 0.5, 11.5, 1], "texture": "#0"},
				"south": {"uv": [0, 10, 0.5, 10.5], "texture": "#0"},
				"west": {"uv": [9.5, 0, 11.5, 0.5], "texture": "#0"},
				"up": {"uv": [10, 3, 9.5, 1], "rotation": 180, "texture": "#0"},
				"down": {"uv": [4, 9.5, 3.5, 11.5], "rotation": 180, "texture": "#0"}
			}
		},
		{
			"from": [5, 3, 2],
			"to": [6, 4, 6],
			"rotation": {"angle": 0, "axis": "y", "origin": [8, 4.75, 10.5]},
			"faces": {
				"north": {"uv": [10, 1, 10.5, 1.5], "texture": "#0"},
				"east": {"uv": [9.5, 5, 11.5, 5.5], "texture": "#0"},
				"south": {"uv": [1, 10, 1.5, 10.5], "texture": "#0"},
				"west": {"uv": [9.5, 4.5, 11.5, 5], "texture": "#0"},
				"up": {"uv": [4.5, 11.5, 4, 9.5], "rotation": 180, "texture": "#0"},
				"down": {"uv": [5, 9.5, 4.5, 11.5], "rotation": 180, "texture": "#0"}
			}
		},
		{
			"name": "teeth",
			"from": [8, 0, 8],
			"to": [8, 6, 22],
			"rotation": {"angle": 0, "axis": "y", "origin": [8, 4.75, 10.5]},
			"faces": {
				"north": {"uv": [0, 0, 0, 6], "texture": "#1"},
				"east": {"uv": [0, 6, 14, 12], "texture": "#1"},
				"south": {"uv": [0, 0, 0, 6], "texture": "#1"},
				"west": {"uv": [0, 0, 14, 6], "texture": "#1"},
				"up": {"uv": [0, 14, 0, 0], "rotation": 180, "texture": "#1"},
				"down": {"uv": [0, 0, 0, 14], "rotation": 180, "texture": "#1"}
			}
		}
	],
	"display": {
		"thirdperson_righthand": {
			"rotation": [10, 165, 0],
			"translation": [-0.75, 0, -1.5]
		},
		"thirdperson_lefthand": {
			"rotation": [10, 165, 0],
			"translation": [-0.75, 0, -1.5]
		},
		"firstperson_righthand": {
			"rotation": [0, 170, 0],
			"translation": [6.25, 6, 0]
		},
		"firstperson_lefthand": {
			"rotation": [0, 170, 0],
			"translation": [6.25, 6, 0]
		},
		"ground": {
			"translation": [0, 2.5, 0],
			"scale": [0.625, 0.625, 0.625]
		},
		"gui": {
			"rotation": [24, -135, 0],
			"translation": [1, 3, 0],
			"scale": [0.875, 0.875, 0.875]
		}
	}
}