{
	"texture_size": [32, 32],
	"textures": {
		"0": "itd:item/equipment/weapon_melee/rusty_blade",
		"particle": "itd:item/equipment/weapon_melee/rusty_blade"
	},
	"elements": [
		{
			"name": "base",
			"from": [7, 0.001, 15],
			"to": [9, 0.999, 17],
			"rotation": {"angle": -45, "axis": "y", "origin": [8, 0.5, 16]},
			"faces": {
				"north": {"uv": [1.5, 8, 2.5, 8.5], "texture": "#0"},
				"east": {"uv": [2.5, 8, 3.5, 8.5], "texture": "#0"},
				"south": {"uv": [3.5, 8, 4.5, 8.5], "texture": "#0"},
				"west": {"uv": [4.5, 8, 5.5, 8.5], "texture": "#0"},
				"up": {"uv": [3, 7.5, 2, 6.5], "texture": "#0"},
				"down": {"uv": [4, 6.5, 3, 7.5], "texture": "#0"}
			}
		},
		{
			"name": "handle",
			"from": [7, 0, 12],
			"to": [9, 1, 16],
			"faces": {
				"north": {"uv": [8, 4.5, 9, 5], "texture": "#0"},
				"east": {"uv": [4, 6.5, 6, 7], "texture": "#0"},
				"south": {"uv": [8, 5, 9, 5.5], "texture": "#0"},
				"west": {"uv": [6, 6.5, 8, 7], "texture": "#0"},
				"up": {"uv": [5, 6, 4, 4], "texture": "#0"},
				"down": {"uv": [6, 4, 5, 6], "texture": "#0"}
			}
		},
		{
			"name": "hilt0",
			"from": [4, 0, 10],
			"to": [12, 1, 11],
			"faces": {
				"north": {"uv": [5.5, 1, 9.5, 1.5], "texture": "#0"},
				"east": {"uv": [6, 8, 6.5, 8.5], "texture": "#0"},
				"south": {"uv": [5.5, 1.5, 9.5, 2], "texture": "#0"},
				"west": {"uv": [6.5, 8, 7, 8.5], "texture": "#0"},
				"up": {"uv": [9.5, 2.5, 5.5, 2], "texture": "#0"},
				"down": {"uv": [9.5, 2.5, 5.5, 3], "texture": "#0"}
			}
		},
		{
			"name": "hilt1",
			"from": [5, 0, 11],
			"to": [11, 1, 12],
			"faces": {
				"north": {"uv": [5.5, 3, 8.5, 3.5], "texture": "#0"},
				"east": {"uv": [8, 6.5, 8.5, 7], "texture": "#0"},
				"south": {"uv": [5.5, 3.5, 8.5, 4], "texture": "#0"},
				"west": {"uv": [7, 8, 7.5, 8.5], "texture": "#0"},
				"up": {"uv": [7, 6.5, 4, 6], "texture": "#0"},
				"down": {"uv": [9, 4, 6, 4.5], "texture": "#0"}
			}
		},
		{
			"name": "hilt2",
			"from": [6, 1, 10],
			"to": [10, 2, 11],
			"faces": {
				"north": {"uv": [6, 4.5, 8, 5], "texture": "#0"},
				"east": {"uv": [5.5, 8, 6, 8.5], "texture": "#0"},
				"south": {"uv": [6, 5, 8, 5.5], "texture": "#0"},
				"west": {"uv": [8, 5.5, 8.5, 6], "texture": "#0"},
				"up": {"uv": [8, 6, 6, 5.5], "texture": "#0"},
				"down": {"uv": [2, 6.5, 0, 7], "texture": "#0"}
			}
		},
		{
			"name": "hilt3",
			"from": [6, -1, 10],
			"to": [10, 0, 11],
			"faces": {
				"north": {"uv": [6, 7, 8, 7.5], "texture": "#0"},
				"east": {"uv": [8, 7, 8.5, 7.5], "texture": "#0"},
				"south": {"uv": [7, 6, 9, 6.5], "texture": "#0"},
				"west": {"uv": [7.5, 8, 8, 8.5], "texture": "#0"},
				"up": {"uv": [2, 8, 0, 7.5], "texture": "#0"},
				"down": {"uv": [4, 7.5, 2, 8], "texture": "#0"}
			}
		},
		{
			"name": "blade",
			"from": [6, 0, -3],
			"to": [10, 1, 10],
			"faces": {
				"north": {"uv": [0, 7, 2, 7.5], "texture": "#0"},
				"east": {"uv": [4, 0, 10.5, 0.5], "texture": "#0"},
				"south": {"uv": [4, 7, 6, 7.5], "texture": "#0"},
				"west": {"uv": [4, 0.5, 10.5, 1], "texture": "#0"},
				"up": {"uv": [2, 6.5, 0, 0], "texture": "#0"},
				"down": {"uv": [4, 0, 2, 6.5], "texture": "#0"}
			}
		},
		{
			"name": "rip",
			"from": [6.5, 0.001, -4.5],
			"to": [9.5, 0.999, -1.5],
			"rotation": {"angle": -45, "axis": "y", "origin": [8, 0.5, -3]},
			"faces": {
				"north": {"uv": [4, 7.5, 5.5, 8], "texture": "#0"},
				"east": {"uv": [5.5, 7.5, 7, 8], "texture": "#0"},
				"south": {"uv": [7, 7.5, 8.5, 8], "texture": "#0"},
				"west": {"uv": [0, 8, 1.5, 8.5], "texture": "#0"},
				"up": {"uv": [5.5, 2.5, 4, 1], "texture": "#0"},
				"down": {"uv": [5.5, 2.5, 4, 4], "texture": "#0"}
			}
		}
	],
	"display": {
		"thirdperson_righthand": {
			"rotation": [90, 0, 90],
			"translation": [-7.5, 4, 1.75]
		},
		"thirdperson_lefthand": {
			"rotation": [90, 0, 90],
			"translation": [-7.5, 4, 1.75]
		},
		"firstperson_righthand": {
			"rotation": [85, 0, 90],
			"translation": [-6, 3.5, 0],
			"scale": [0.875, 0.875, 0.875]
		},
		"firstperson_lefthand": {
			"rotation": [85, 0, 90],
			"translation": [-6, 3.5, 0],
			"scale": [0.875, 0.875, 0.875]
		},
		"gui": {
			"rotation": [45, 45, 0],
			"translation": [1.25, 3.75, 0],
			"scale": [0.875, 0.875, 0.875]
		}
	}
}